{
    "rule_based": {
        "accuracy": 0.99138,
        "precision": 0.1601642710472279,
        "recall": 0.78,
        "f1_score": 0.2657580919931856,
        "true_positives": 78,
        "false_positives": 409,
        "true_negatives": 49491,
        "false_negatives": 22,
        "auc": 0.8859018036072145,
        "average_precision": 0.12536813141683778,
        "classification_report": {
            "0": {
                "precision": 0.9995556722476925,
                "recall": 0.9918036072144288,
                "f1-score": 0.9956645509138643,
                "support": 49900.0
            },
            "1": {
                "precision": 0.1601642710472279,
                "recall": 0.78,
                "f1-score": 0.2657580919931856,
                "support": 100.0
            },
            "accuracy": 0.99138,
            "macro avg": {
                "precision": 0.5798599716474602,
                "recall": 0.8859018036072144,
                "f1-score": 0.6307113214535249,
                "support": 50000.0
            },
            "weighted avg": {
                "precision": 0.9978768894452916,
                "recall": 0.99138,
                "f1-score": 0.9942047379960229,
                "support": 50000.0
            }
        }
    },
    "ml_based": {
        "accuracy": 0.99992,
        "precision": 1.0,
        "recall": 0.96,
        "f1_score": 0.9795918367346939,
        "true_positives": 96,
        "false_positives": 0,
        "true_negatives": 49900,
        "false_negatives": 4,
        "auc": 0.9939374749498997,
        "average_precision": 0.9801331193444787,
        "classification_report": {
            "0": {
                "precision": 0.9999198461045207,
                "recall": 1.0,
                "f1-score": 0.9999599214460342,
                "support": 49900.0
            },
            "1": {
                "precision": 1.0,
                "recall": 0.96,
                "f1-score": 0.9795918367346939,
                "support": 100.0
            },
            "accuracy": 0.99992,
            "macro avg": {
                "precision": 0.9999599230522603,
                "recall": 0.98,
                "f1-score": 0.989775879090364,
                "support": 50000.0
            },
            "weighted avg": {
                "precision": 0.9999200064123116,
                "recall": 0.99992,
                "f1-score": 0.9999191852766115,
                "support": 50000.0
            }
        }
    },
    "network_based": {
        "accuracy": 0.94746,
        "precision": 0.0015779092702169625,
        "recall": 0.04,
        "f1_score": 0.0030360531309297912,
        "true_positives": 4,
        "false_positives": 2531,
        "true_negatives": 47369,
        "false_negatives": 96,
        "auc": null,
        "average_precision": null,
        "classification_report": {
            "0": {
                "precision": 0.9979774570736332,
                "recall": 0.9492785571142285,
                "f1-score": 0.9730190520207467,
                "support": 49900.0
            },
            "1": {
                "precision": 0.0015779092702169625,
                "recall": 0.04,
                "f1-score": 0.0030360531309297912,
                "support": 100.0
            },
            "accuracy": 0.94746,
            "macro avg": {
                "precision": 0.49977768317192506,
                "recall": 0.49463927855711426,
                "f1-score": 0.48802755257583824,
                "support": 50000.0
            },
            "weighted avg": {
                "precision": 0.9959846579780264,
                "recall": 0.94746,
                "f1-score": 0.9710790860229671,
                "support": 50000.0
            }
        }
    },
    "combined_system": {
        "accuracy": 0.94932,
        "precision": 0.03691019786910198,
        "recall": 0.97,
        "f1_score": 0.07111436950146627,
        "true_positives": 97,
        "false_positives": 2531,
        "true_negatives": 47369,
        "false_negatives": 3,
        "auc": 0.9980107214428857,
        "average_precision": 0.8239828280785801,
        "classification_report": {
            "0": {
                "precision": 0.9999366714514903,
                "recall": 0.9492785571142285,
                "f1-score": 0.9739493379389752,
                "support": 49900.0
            },
            "1": {
                "precision": 0.03691019786910198,
                "recall": 0.97,
                "f1-score": 0.07111436950146627,
                "support": 100.0
            },
            "accuracy": 0.94932,
            "macro avg": {
                "precision": 0.5184234346602962,
                "recall": 0.9596392785571142,
                "f1-score": 0.5225318537202207,
                "support": 50000.0
            },
            "weighted avg": {
                "precision": 0.9980106185043255,
                "recall": 0.94932,
                "f1-score": 0.9721436680021002,
                "support": 50000.0
            }
        }
    }
}