{
    "random_forest": {
        "model_name": "random_forest",
        "train_metrics": {
            "accuracy": 0.9997524752475248,
            "precision": 1.0,
            "recall": 0.975,
            "f1_score": 0.9873417721518987,
            "auc": 1.0
        },
        "test_metrics": {
            "accuracy": 0.999009900990099,
            "precision": 1.0,
            "recall": 0.9,
            "f1_score": 0.9473684210526316,
            "auc": 0.9700000000000001
        },
        "performance_gaps": {
            "accuracy": 0.0007425742574257432,
            "precision": 0.0,
            "recall": 0.07499999999999996,
            "f1_score": 0.03997335109926703,
            "auc": 0.029999999999999916
        },
        "overfitting_status": "mild_overfitting",
        "overfitting_severity": "low",
        "train_confusion_matrix": [
            [
                8000,
                0
            ],
            [
                2,
                78
            ]
        ],
        "test_confusion_matrix": [
            [
                2000,
                0
            ],
            [
                2,
                18
            ]
        ],
        "recommendations": [
            "Slight increase in regularization",
            "Monitor performance on validation set",
            "Consider ensemble methods"
        ]
    }
}