{
    "rule_based": {
        "accuracy": 0.00116,
        "precision": 0.00116,
        "recall": 1.0,
        "f1_score": 0.002317311918174917,
        "true_positives": 116,
        "false_positives": 99884,
        "true_negatives": 0,
        "false_negatives": 0,
        "auc": 0.5,
        "average_precision": 0.00116,
        "classification_report": {
            "0": {
                "precision": 0.0,
                "recall": 0.0,
                "f1-score": 0.0,
                "support": 99884.0
            },
            "1": {
                "precision": 0.00116,
                "recall": 1.0,
                "f1-score": 0.002317311918174917,
                "support": 116.0
            },
            "accuracy": 0.00116,
            "macro avg": {
                "precision": 0.00058,
                "recall": 0.5,
                "f1-score": 0.0011586559590874585,
                "support": 100000.0
            },
            "weighted avg": {
                "precision": 1.3456e-06,
                "recall": 0.00116,
                "f1-score": 2.6880818250829035e-06,
                "support": 100000.0
            }
        }
    },
    "ml_based": {
        "accuracy": 0.99991,
        "precision": 0.9349593495934959,
        "recall": 0.9913793103448276,
        "f1_score": 0.9623430962343097,
        "true_positives": 115,
        "false_positives": 8,
        "true_negatives": 99876,
        "false_negatives": 1,
        "auc": 0.9999606008487087,
        "average_precision": 0.9931064260615804,
        "classification_report": {
            "0": {
                "precision": 0.9999899876848524,
                "recall": 0.999919907092227,
                "f1-score": 0.999954946160662,
                "support": 99884.0
            },
            "1": {
                "precision": 0.9349593495934959,
                "recall": 0.9913793103448276,
                "f1-score": 0.9623430962343097,
                "support": 116.0
            },
            "accuracy": 0.99991,
            "macro avg": {
                "precision": 0.9674746686391742,
                "recall": 0.9956496087185274,
                "f1-score": 0.9811490211974858,
                "support": 100000.0
            },
            "weighted avg": {
                "precision": 0.9999145521446665,
                "recall": 0.99991,
                "f1-score": 0.9999113164147474,
                "support": 100000.0
            }
        }
    },
    "network_based": {
        "accuracy": 0.97066,
        "precision": 0.0014154281670205238,
        "recall": 0.034482758620689655,
        "f1_score": 0.002719238613188307,
        "true_positives": 4,
        "false_positives": 2822,
        "true_negatives": 97062,
        "false_negatives": 112,
        "auc": null,
        "average_precision": null,
        "classification_report": {
            "0": {
                "precision": 0.998847428324449,
                "recall": 0.9717472267830684,
                "f1-score": 0.9851109825533599,
                "support": 99884.0
            },
            "1": {
                "precision": 0.0014154281670205238,
                "recall": 0.034482758620689655,
                "f1-score": 0.002719238613188307,
                "support": 116.0
            },
            "accuracy": 0.97066,
            "macro avg": {
                "precision": 0.5001314282457348,
                "recall": 0.503114992701879,
                "f1-score": 0.49391511058327414,
                "support": 100000.0
            },
            "weighted avg": {
                "precision": 0.9976904072042663,
                "recall": 0.97066,
                "f1-score": 0.9839714081303893,
                "support": 100000.0
            }
        }
    },
    "combined_system": {
        "accuracy": 0.00116,
        "precision": 0.00116,
        "recall": 1.0,
        "f1_score": 0.002317311918174917,
        "true_positives": 116,
        "false_positives": 99884,
        "true_negatives": 0,
        "false_negatives": 0,
        "auc": 0.9820117198018667,
        "average_precision": 0.07185883789005329,
        "classification_report": {
            "0": {
                "precision": 0.0,
                "recall": 0.0,
                "f1-score": 0.0,
                "support": 99884.0
            },
            "1": {
                "precision": 0.00116,
                "recall": 1.0,
                "f1-score": 0.002317311918174917,
                "support": 116.0
            },
            "accuracy": 0.00116,
            "macro avg": {
                "precision": 0.00058,
                "recall": 0.5,
                "f1-score": 0.0011586559590874585,
                "support": 100000.0
            },
            "weighted avg": {
                "precision": 1.3456e-06,
                "recall": 0.00116,
                "f1-score": 2.6880818250829035e-06,
                "support": 100000.0
            }
        }
    }
}